{
  "request": {
    "method": "GET",
    "url": "/v1/arrangements/arrangement200/statements?month=12&page=1&size=50&lastGivenKey=1&directionKey=1&sequenceNumber=0",
    "headers": {
      "Content-Type": {
        "equalTo": "application/json"
      }
    }
  },
  "response": {
    "status": 200,
    "body": "{\"lastGivenKey\":1,\"directionKey\":\"1\",\"sequenceNumber\":0,\"balanceFromLastStatement\":null,\"unbilledStatement\":true,\"statementDate\":\"2017-10-08T00:00:00Z\",\"dueDate\":null,\"minimumPayment\":null,\"messages\":[],\"balanceOnStatementDate\":null,\"type\":\"CREDIT_CARD_STATEMENT\",\"bbCardFilterStatus\":false,\"transactions\":{\"size\":50,\"hiCounter\":null,\"page\":0,\"items\":[{\"id\":\"99980724000242004\",\"description\":\"INTEREST\",\"cleansedMerchantName\": \"AamzaonPrime\",\"merchantLogoImageName\": \"amazon.jpg\",\"eligibleForAdditionalDetail\":false,\"paymentTypeForExport\":\"30\",\"authorisationMethod\":null,\"amount\":{\"amount\":9.05,\"currency\":\"GBP\"},\"runningBalance\":null,\"completeDescription\":[\"PAYMENT RECEIVED - THAN\",null,null,null,null],\"cardHolderName\":null,\"cardEnding\":\"1085\",\"type\":null,\"paymentTypeForOverlay\":null,\"date\":\"2017-09-19T00:00:00Z\",\"originalAmount\":{\"amount\":10.05,\"currency\":\"EUR\"},\"retailerLocation\":null,\"paymentType\":\"30\",\"businessType\":null,\"received\":\"2017-09-24T00:00:00Z\",\"isAccountLevelTxn\":false},{\"id\":\"99980724000242124\",\"description\":\"AN ADJUSTMENT TRANSACTION\",\"cleansedMerchantName\": \"AamzaonPrime\",\"merchantLogoName\": \"amazon.jpg\",\"eligibleForAdditionalDetail\":false,\"paymentTypeForExport\":\"5117\",\"authorisationMethod\":null,\"amount\":{\"amount\":9,\"currency\":\"GBP\"},\"runningBalance\":null,\"completeDescription\":[\"PAYMENT RECEIVED - THAN\",null,null,null,null],\"cardHolderName\":null,\"cardEnding\":\"1085\",\"type\":null,\"paymentTypeForOverlay\":null,\"date\":\"2017-10-19T00:00:00Z\",\"originalAmount\":null,\"retailerLocation\":null,\"paymentType\":\"5117\",\"businessType\":null,\"received\":\"2017-09-24T00:00:00Z\",\"isAccountLevelTxn\":false},{\"id\":\"99980724000241128\",\"description\":\"AN ADJUSTMENT TRANSACTION\",\"cleansedMerchantName\": \"AamzaonPrime\",\"merchantLogoName\": \"amazon.jpg\",\"eligibleForAdditionalDetail\":false,\"paymentTypeForExport\":\"5118\",\"authorisationMethod\":null,\"amount\":{\"amount\":-7.98,\"currency\":\"GBP\"},\"runningBalance\":null,\"completeDescription\":[\"PAYMENT RECEIVED - THAN\",null,null,null,null],\"cardHolderName\":null,\"cardEnding\":\"1085\",\"type\":null,\"paymentTypeForOverlay\":null,\"date\":\"2017-09-18T00:00:00Z\",\"originalAmount\":null,\"retailerLocation\":null,\"paymentType\":\"5118\", \"cleansedMerchantName\": \"AamzaonPrime\",\"merchantLogoName\": \"amazon.jpg\",\"businessType\":null,\"received\":\"2017-07-24T00:00:00Z\",\"isAccountLevelTxn\":false},{\"description\":\"Indian Grocery Stores\",\"id\":\"70279000010000020\",\"cleansedMerchantName\": \"AamzaonPrime\",\"merchantLogoName\": \"amazon.jpg\",\"eligibleForAdditionalDetail\":true,\"paymentTypeForExport\":\"1\",\"authorisationMethod\":\"Online/phone/mail order purchase\",\"runningBalance\":null,\"amount\":{\"amount\":51.3,\"currency\":\"GBP\"},\"cardHolderName\":null,\"completeDescription\":[\"DOMESTIC SALE\",null,null,null,null],\"cardEnding\":\"3774\",\"type\":null,\"paymentType\":\"1\",\"date\":\"2022-07-16T00:00:00Z\",\"originalAmount\":null,\"retailerLocation\":\"BRISTOL\",\"paymentTypeForOverlay\":null,\"businessType\":\"Indian Grocery Stores, Supermarkets\",\"received\":\"2022-07-16T00:00:00Z\",\"isAccountLevelTxn\":true},{\"description\":\"Indian Grocery Stores DOMESTIC SALE  \",\"id\":\"70279000010000018\",\"cleansedMerchantName\": \"AamzaonPrime\",\"merchantLogoName\": \"amazon.jpg\",\"eligibleForAdditionalDetail\":true,\"paymentTypeForExport\":\"1\",\"authorisationMethod\":null,\"runningBalance\":null,\"amount\":{\"amount\":4.3,\"currency\":\"GBP\"},\"cardHolderName\":null,\"completeDescription\":[\"DOMESTIC SALE\",null,null,null,null],\"cardEnding\":\"3774\",\"type\":null,\"paymentType\":\"1\",\"date\":\"2022-07-16T00:00:00Z\",\"originalAmount\":null,\"retailerLocation\":\"BRISTOL\",\"paymentTypeForOverlay\":null,\"businessType\":\"Indian Grocery Stores, Supermarkets\",\"received\":\"2022-07-16T00:00:00Z\",\"isAccountLevelTxn\":true}],\"total\":5,\"isMoreThanMaxHINGAIndicator\":false},\"lastTransactionDate\":\"2017-07-24T00:00:00Z\",\"directDebitAmount\":null}",
    "headers": {
      "Content-Type": "application/json"
    }
  }
}

