{
  "request": {
    "method": "GET",
    "url": "/v1/arrangements/arrangement404/statements?month=12&page=1&size=50&lastGivenKey=1&directionKey=1&sequenceNumber=0",
    "headers": {
      "Content-Type": {
        "equalTo": "application/json"
      }
    }
  },
  "response": {
    "status": 404,
    "body": "{\"code\":\"9330002\",\"message\":\"9330002: Sorry, this account info isn’t available right now. Please try later.\",\"category\":\"BAD_REQUEST\",\"referenceNumber\": null}",
    "headers": {
      "Content-Type": "application/json"
    }
  }
}

