{
  "request": {
    "method": "GET",
    "url": "/v1/arrangements/arrangement404/statements?month=12&page=1&size=50&lastGivenKey=1&directionKey=1&sequenceNumber=0",
    "headers": {
      "Content-Type": {
        "equalTo": "application/json"
      }
    }
  },
  "response": {
    "status": 404,
    "body": "{\"code\":\"9320013\",\"message\":\"9320013: Sorry, we couldn’t complete your request.Please try later or call us on 0345 607 2271.\",\"category\":\"BAD_REQUEST\",\"referenceNumber\": null}",
    "headers": {
      "Content-Type": "application/json"
    }
  }
}
