{
  "request": {
    "method": "GET",
    "url": "/v1/arrangements/arrangement404/pending-transactions",
    "headers": {
      "Content-Type": {
        "equalTo": "application/json"
      }
    }
},
  "response": {
    "status": 404,
    "body": "{\"code\":\"9320013\",\"message\":\"9320013: Sorry, we couldn’t complete your request.Please try later or call us on 0345 607 2271.\",\"category\":\"BAD_REQUEST\",\"referenceNumber\": null}",
    "headers": {
      "Content-Type": "application/json"
    }
  }
}
