{
  "request": {
    "method": "GET",
    "urlPathPattern": "/v1/arrangements/.*/pending-transactions",
    "headers": {
      "Content-Type": {
        "equalTo": "application/json"
      }
    }
},
  "response": {
    "status": 200,
    "body": "{\"transactions\":[{\"date\":\"2023-03-06\",\"description\":\"TFL TRAVEL CHARGE\",\"amount\":{\"amount\":3.2,\"currency\":\"GBP\"},\"paymentType\":\"Chip and PIN purchase\"}],\"totalAmount\":{\"amount\":3.2,\"currency\":\"GBP\"},\"messages\":null}",
    "headers": {
      "Content-Type": "application/json"
    }
  }
}