{
  "request": {
    "method": "POST",
    "urlPattern": "/cc-transactions-cleansing/v1/merchant-details",
    "headers": {
      "Content-Type": {
        "equalTo": "application/json"
      }
    }
  },
  "response": {
    "status": 200,
    "body": "{\"tescostore1234\":{\"cleansedMerchantName\": null,\"merchantLogoImageName\": null},\"cutleryworks\": {\"cleansedMerchantName\": null,\"merchantLogoImageName\": null},\"amazonprime\": {\"cleansedMerchantName\":\"amazonprime\",\"merchantLogoName\": \"amazonprime.jpg\"}}",
    "headers": {
      "Content-Type": "application/json"
    }
  }
}
