{
  "request": {
    "method": "POST",
    "urlPath": "/lbg-jwt-oauth-api/jwt-token",
    "headers": {
      "Content-Type": {
        "equalTo": "application/json"
      },
      "x-lbg-brand": {
        "equalTo": "LYDS"
      },
      "Accept": {
        "equalTo": "application/json"
      },
      "x-lbg-client-id": {
        "equalTo": "jwtClientIdFallback"
      }
    },
    "bodyPatterns": [
      {
        "matchesJsonPath": "$.[?($.client_id == 'jwtClientIdFallback')]"
      },
      {
        "matchesJsonPath": "$.[?($.assertion == 'TestJWT')]"
      },
      {
        "matchesJsonPath": "$.[?($.scope == 'userContext')]"
      },
      {
        "matchesJsonPath": "$.[?($.grant_type == 'urn:ietf:params:oauth:grant-type:jwt-bearer')]"
      }
    ]
  },
  "response": {
    "status": 200,
    "body": "{\"consented_on\": \"1593413518018\",\"scope\": \"userContext\",\"expires_in\": \"100\",\"token_type\": \"Bearer\",\"access_token\": \"121HS5i2Ce3ZQEM9CHJMEX48f97NhX4H\"}",
    "headers": {
      "Content-Type": "application/json"
    }
  }
}
