{

  "request": {
    "method": "POST",
    "urlPath": "/lbg-jwt-oauth-api/jwt-token",
    "headers": {
      "Content-Type": {
        "equalTo": "application/json"
      },
      "x-lbg-brand": {
        "equalTo": "LYDS"
      },
      "Accept": {
        "equalTo": "application/json"
      },
      "x-lbg-client-id": {
        "equalTo": "jwtClientIdFallback"
      }
    },
  "bodyPatterns": [
    {
      "matchesJsonPath": "$.[?($.client_id != 'jwtClientIdFallback' || $.assertion != 'TestJWT' || $.grant_type != 'urn:ietf:params:oauth:grant-type:jwt-bearer' || $.scope != 'userContext')]"
    }
  ]
  },
  "response": {
    "status": 200,
    "body": "{\"code\":500,\"reasonCode\":\"Internal Server Error\",\"message\":\"Some error occurred\"}",
    "headers": {
      "Content-Type": "application/json"
    }
  }
}
