{
  "request": {
    "method": "POST",
    "urlPattern": "/authentication-api/v1/identity-access-token/generate",
    "headers": {
      "Content-Type": {
        "equalTo": "application/json"
      }
    },
    "bodyPatterns": [
      {
        "matchesJsonPath": "$.[?($.audience != 'urn:IB:LLOYDS:Retail:TRAVEL_READY' || $.domain != 'DPSSO-APIC-CHANNEL-CSVS-Engagements-TravelReady' || $.scope != 'userContext')]"
      }
    ]
  },
  "response": {
    "status": 200,
    "body": "{\"code\":500,\"reasonCode\":\"Internal Server Error\",\"message\":\"Some error occurred\"}",
    "headers": {
      "Content-Type": "application/json"
    }
  }
}
