{
  "request": {
    "method": "POST",
    "urlPattern": "/authentication-api/v1/identity-access-token/generate",
    "headers": {
      "Content-Type": {
        "equalTo": "application/json"
      }
    },
    "bodyPatterns": [
      {
        "matchesJsonPath": "$.[?($.audience == 'urn:IB:LLOYDS:Retail:TRAVEL_READY')]"
      },
      {
        "matchesJsonPath": "$.[?($.domain == 'DPSSO-APIC-CHANNEL-CSVS-Engagements-TravelReady')]"
      },
      {
        "matchesJsonPath": "$.[?($.scope == 'userContext')]"
      }
    ]
  },
  "response": {
    "status": 200,
    "body": "{\"Token\": \"eyJ0eXAiOiJKV1QiLCJhbGciOiJIUzUxMiIsImtpZCI6ImFjY2Vzcy1zZWNyZXQtNCJ9.eyJzdWIiOjMzMDg3LCJjaGFubmVsIjoiY29tLmxsb3lkcy5hcGkyIiwiaWF0IjoxNjQ4MTMwMTAwLCJleHAiOjE2NDgxMzA3MDB9.ADBxDMpkVjWMPLwT2BRMoUqH0dUHVo6laCUTjXODbpqCJvmycaxyD7FeD6FS-WK3twhZyL3Chp2gqRAHxv6W8A\"}",
    "headers": {
      "Content-Type": "application/json"
    }
  }
}
